{"cameraMode":{"drawMode":0,"name":"Shaded","section":"Shading Mode"},"sceneLighting":true,"audioPlay":false,"sceneViewState":{"showFog":true,"showMaterialUpdate":false,"showSkybox":false,"showFlares":true,"showImageEffects":true,"showParticleSystems":true},"in2DMode":false,"pivot":{"x":13.774892807006836,"y":-0.08155465126037598,"z":1.5157333612442017},"rotation":{"x":-0.297858864068985,"y":0.06963794678449631,"z":-0.02179066278040409,"w":-0.9518171548843384},"size":3.773148775100708,"orthographic":false}