{"cameraMode":{"drawMode":0,"name":"Shaded","section":"Shading Mode"},"sceneLighting":true,"audioPlay":false,"sceneViewState":{"showFog":true,"showMaterialUpdate":false,"showSkybox":false,"showFlares":true,"showImageEffects":true,"showParticleSystems":true},"in2DMode":false,"pivot":{"x":891.7139892578125,"y":328.0194091796875,"z":356.8068542480469},"rotation":{"x":0.035148948431015018,"y":-0.38450005650520327,"z":-0.01465071551501751,"w":-0.9223392605781555},"size":928.8489379882813,"orthographic":false}