{"cameraMode":{"drawMode":0,"name":"Shaded","section":"Shading Mode"},"sceneLighting":true,"audioPlay":false,"sceneViewState":{"showFog":true,"showMaterialUpdate":false,"showSkybox":false,"showFlares":true,"showImageEffects":true,"showParticleSystems":true},"in2DMode":false,"pivot":{"x":23.711637496948243,"y":10.188462257385254,"z":-1.8784056901931763},"rotation":{"x":-0.013714425265789032,"y":0.0998571440577507,"z":-0.0013747866032645107,"w":-0.9949063658714294},"size":1.923702597618103,"orthographic":false}