{"cameraMode":{"drawMode":2,"name":"Shaded Wireframe","section":"Shading Mode"},"sceneLighting":true,"audioPlay":false,"sceneViewState":{"showFog":true,"showMaterialUpdate":false,"showSkybox":false,"showFlares":true,"showImageEffects":true,"showParticleSystems":true},"in2DMode":false,"pivot":{"x":2.4829585552215578,"y":3.8114359378814699,"z":-8.993310928344727},"rotation":{"x":0.1258494257926941,"y":0.04121340811252594,"z":-0.005235542543232441,"w":0.9911791682243347},"size":2.041086196899414,"orthographic":false}