{"cameraMode":{"drawMode":0,"name":"Shaded","section":"Shading Mode"},"sceneLighting":false,"audioPlay":false,"sceneViewState":{"showFog":true,"showMaterialUpdate":true,"showSkybox":false,"showFlares":true,"showImageEffects":true,"showParticleSystems":true},"in2DMode":false,"pivot":{"x":7.699260234832764,"y":0.6377238035202026,"z":2.5669023990631105},"rotation":{"x":-0.09270594269037247,"y":0.05952100083231926,"z":-0.0055522434413433079,"w":-0.9938974380493164},"size":4.6710124015808109,"orthographic":false}